Workbook

Sheet Summary
B1: ExerciseMenu: GIF purchase and placement plan
B2: Built from all 115 posts in exercisemenu.com/post-sitemap.xml, scanned 17 Oct 2026.
B4: Gym Visual price per GIF (1–9 in cart) | C4: 3.6 | D4: Source: gymvisual.com/content/6-price-rules (table was hard to read; confirm at checkout).
B5: Gym Visual price per GIF (10+ in cart) | C5: 0.9 | D5: Same source. Change these yellow cells if checkout shows a different price.
B6: Cart size where the lower price starts | C6: 10 | D6: Same source.
B8: Batch (buy in this order) | C8: GIFs | D8: Cost ($)
B9: 1. Replaces a WRONG image | C9: =COUNTIF('Buy List'!$B$2:$B$91,B9) -> 10 | D9: =SUMIF('Buy List'!$B$2:$B$91,B9,'Buy List'!$H$2:$H$91) -> 9
B10: 2. Used on 2+ pages | C10: =COUNTIF('Buy List'!$B$2:$B$91,B10) -> 8 | D10: =SUMIF('Buy List'!$B$2:$B$91,B10,'Buy List'!$H$2:$H$91) -> 7.2
B11: 3. Finish Beginners + Ab articles | C11: =COUNTIF('Buy List'!$B$2:$B$91,B11) -> 8 | D11: =SUMIF('Buy List'!$B$2:$B$91,B11,'Buy List'!$H$2:$H$91) -> 7.2
B12: 4. Rest of medicine ball cluster | C12: =COUNTIF('Buy List'!$B$2:$B$91,B12) -> 40 | D12: =SUMIF('Buy List'!$B$2:$B$91,B12,'Buy List'!$H$2:$H$91) -> 36
B13: 5. Squat & deadlift guides | C13: =COUNTIF('Buy List'!$B$2:$B$91,B13) -> 14 | D13: =SUMIF('Buy List'!$B$2:$B$91,B13,'Buy List'!$H$2:$H$91) -> 12.6
B14: 6. Cable chest & dumbbell guide | C14: =COUNTIF('Buy List'!$B$2:$B$91,B14) -> 10 | D14: =SUMIF('Buy List'!$B$2:$B$91,B14,'Buy List'!$H$2:$H$91) -> 9
B15: Total | C15: =SUM(C9:C14) -> 90 | D15: =SUM(D9:D14) -> 81
B16: Bought so far | C16: =COUNTIF('Buy List'!$I$2:$I$91,"Y") -> 0
B18: Placements by action | C18: Images
B19: Replace image with GIF | C19: =COUNTIF(Placements!$G$2:$G$155,B19) -> 16
B20: Add GIF beside image | C20: =COUNTIF(Placements!$G$2:$G$155,B20) -> 75
B21: Add GIF (no image now) | C21: =COUNTIF(Placements!$G$2:$G$155,B21) -> 15
B22: Keep image | C22: =COUNTIF(Placements!$G$2:$G$155,B22) -> 38
B23: Already a GIF (reuse) | C23: =COUNTIF(Placements!$G$2:$G$155,B23) -> 9
B24: Fix or regenerate image (no GIF) | C24: =COUNTIF(Placements!$G$2:$G$155,B24) -> 1
B26: Image check | C26: Images
B27: OK | C27: =COUNTIF(Placements!$K$2:$K$155,B27) -> 99
B28: Minor issue | C28: =COUNTIF(Placements!$K$2:$K$155,B28) -> 26
B29: WRONG | C29: =COUNTIF(Placements!$K$2:$K$155,B29) -> 11
B31: Notes
B32: How to use | D32: 1) Buy from the Buy List top to bottom; one GIF serves every article in its row. 2) Mark Bought = Y (yellow column). 3) Use the Placements sheet to put each GIF in the right article, section and position.
B33: Yellow cells | D33: The only cells to edit: prices on this sheet and the Bought column on the Buy List. Everything else is calculated.
B34: Gym Visual IDs | D34: Only 6 IDs were found (gymvisual.com is blocked in this session). For the rest, search the exercise name on gymvisual.com and type the ID in.
B35: Already GIFs | D35: front-squat-vs-back-squat and high-bar-vs-low-bar-squat already use animated GIFs with good form, and the beginners article's slam, overhead press and Russian twist are video GIFs of 7-8 MB each. No purchase needed: convert those three to MP4.
B36: Partner & kids pages | D36: Kept on purpose: Gym Visual animates one person, and the kids page shows a child. Replace only if an image shows wrong form.
B37: Image check | D37: All images were viewed one by one (17 Oct 2026). WRONG = shows the wrong exercise, impossible position, or garbled text: fix these first. Minor = text/label slips; fix when editing the article.
B38: Infographics kept | D38: Most medicine ball images are branded ExerciseMenu infographics with cues and do/don't panels, which competitors don't have. They are kept; the GIF is added above them.
B39: First purchase list | D39: Backward throw, rotational throw and plain crunch from the first 12-GIF list are on no page, so they are not here.

Sheet Buy List
A1: Buy # | B1: Batch | C1: Exercise (GIF to buy) | D1: Gym Visual ID | E1: Gym Visual link / title to search | F1: Placements on site | G1: Articles it goes in | H1: Price per GIF ($) | I1: Bought? (Y/N) | J1: Notes
A2: 1 | B2: 1. Replaces a WRONG image | C2: Dumbbell Sumo Squat | D2: not found yet | E2: Search: Dumbbell Sumo Squat | F2: =COUNTIFS(Placements!$F:$F,$C2,Placements!$I:$I,"Yes") -> 2 | G2: /dumbbell-sumo-squat/, /types-of-squats/ | H2: =IF(COUNTA($C$2:$C$91)>=Summary!$C$6,Summary!$C$5,Summary!$C$4) -> 0.9
A3: 2 | B3: 1. Replaces a WRONG image | C3: Medicine Ball Forward Lunge with Twist | D3: not found yet | E3: Search: Medicine Ball Forward Lunge with Twist | F3: =COUNTIFS(Placements!$F:$F,$C3,Placements!$I:$I,"Yes") -> 2 | G3: /exercises-with-a-medicine-ball-for-beginners/, /10-medicine-ball-exercises-for-legs/ | H3: =IF(COUNTA($C$2:$C$91)>=Summary!$C$6,Summary!$C$5,Summary!$C$4) -> 0.9
A4: 3 | B4: 1. Replaces a WRONG image | C4: Medicine Ball Glute Bridge | D4: not found yet | E4: Search: Medicine Ball Glute Bridge | F4: =COUNTIFS(Placements!$F:$F,$C4,Placements!$I:$I,"Yes") -> 2 | G4: /exercises-with-a-medicine-ball-for-beginners/, /10-medicine-ball-exercises-for-legs/ | H4: =IF(COUNTA($C$2:$C$91)>=Summary!$C$6,Summary!$C$5,Summary!$C$4) -> 0.9
A5: 4 | B5: 1. Replaces a WRONG image | C5: Medicine Ball Dead Bug | D5: 10176 | E5: https://gymvisual.com/animated-gifs/10176-dead-bug-with-medicine-ball-male.html | F5: =COUNTIFS(Placements!$F:$F,$C5,Placements!$I:$I,"Yes") -> 2 | G5: /medicine-ball-ab-exercises/, /medicine-ball-exercises-for-lower-abs/ | H5: =IF(COUNTA($C$2:$C$91)>=Summary!$C$6,Summary!$C$5,Summary!$C$4) -> 0.9
A6: 5 | B6: 1. Replaces a WRONG image | C6: Medicine Ball Leg Raise | D6: 13026 | E6: https://gymvisual.com/animated-gifs/13026-medicine-ball-lying-leg-raise.html | F6: =COUNTIFS(Placements!$F:$F,$C6,Placements!$I:$I,"Yes") -> 2 | G6: /medicine-ball-ab-exercises/, /medicine-ball-exercises-for-lower-abs/ | H6: =IF(COUNTA($C$2:$C$91)>=Summary!$C$6,Summary!$C$5,Summary!$C$4) -> 0.9
A7: 6 | B7: 1. Replaces a WRONG image | C7: Medicine Ball Lying Triceps Press | D7: not found yet | E7: Search: Medicine Ball Lying Triceps Press | F7: =COUNTIFS(Placements!$F:$F,$C7,Placements!$I:$I,"Yes") -> 1 | G7: /10-medicine-ball-exercises-for-arms/ | H7: =IF(COUNTA($C$2:$C$91)>=Summary!$C$6,Summary!$C$5,Summary!$C$4) -> 0.9
A8: 7 | B8: 1. Replaces a WRONG image | C8: Medicine Ball Single-Arm Shoulder Press | D8: not found yet | E8: Search: Medicine Ball Single-Arm Shoulder Press | F8: =COUNTIFS(Placements!$F:$F,$C8,Placements!$I:$I,"Yes") -> 1 | G8: /10-medicine-ball-exercises-for-arms/ | H8: =IF(COUNTA($C$2:$C$91)>=Summary!$C$6,Summary!$C$5,Summary!$C$4) -> 0.9
A9: 8 | B9: 1. Replaces a WRONG image | C9: Cable Crossover | D9: not found yet | E9: Search: Cable Crossover | F9: =COUNTIFS(Placements!$F:$F,$C9,Placements!$I:$I,"Yes") -> 1 | G9: /cable-chest-exercises-10-best-moves/ | H9: =IF(COUNTA($C$2:$C$91)>=Summary!$C$6,Summary!$C$5,Summary!$C$4) -> 0.9
A10: 9 | B10: 1. Replaces a WRONG image | C10: Dumbbell Shoulder Press | D10: not found yet | E10: Search: Dumbbell Shoulder Press | F10: =COUNTIFS(Placements!$F:$F,$C10,Placements!$I:$I,"Yes") -> 1 | G10: /how-to-train-deltoids-and-biceps-with-dumbbells/ | H10: =IF(COUNTA($C$2:$C$91)>=Summary!$C$6,Summary!$C$5,Summary!$C$4) -> 0.9
A11: 10 | B11: 1. Replaces a WRONG image | C11: Sumo Deadlift | D11: not found yet | E11: Search: Sumo Deadlift | F11: =COUNTIFS(Placements!$F:$F,$C11,Placements!$I:$I,"Yes") -> 1 | G11: /sumo-vs-conventional-deadlift/ | H11: =IF(COUNTA($C$2:$C$91)>=Summary!$C$6,Summary!$C$5,Summary!$C$4) -> 0.9
A12: 11 | B12: 2. Used on 2+ pages | C12: Medicine Ball Slam | D12: 3125 | E12: https://gymvisual.com/animated-gifs/3125-medicine-ball-overhead-slam.html | F12: =COUNTIFS(Placements!$F:$F,$C12,Placements!$I:$I,"Yes") -> 3 | G12: /10-medicine-ball-exercises-for-back/, /10-medicine-ball-exercises-for-arms/, /medicine-ball-exercises-for-shoulders/ | H12: =IF(COUNTA($C$2:$C$91)>=Summary!$C$6,Summary!$C$5,Summary!$C$4) -> 0.9
A13: 12 | B13: 2. Used on 2+ pages | C13: Medicine Ball Push-Up (hands on ball) | D13: not found yet | E13: Search: Medicine Ball Close Grip Push Up | F13: =COUNTIFS(Placements!$F:$F,$C13,Placements!$I:$I,"Yes") -> 3 | G13: /exercises-with-a-medicine-ball-for-beginners/, /10-medicine-ball-chest-exercises/, /medicine-ball-exercises-for-shoulders/ | H13: =IF(COUNTA($C$2:$C$91)>=Summary!$C$6,Summary!$C$5,Summary!$C$4) -> 0.9
... A91: 90 | B91: 6. Cable chest & dumbbell guide | C91: Dumbbell Lateral Raise | D91: not found yet | E91: Search: Dumbbell Lateral Raise | F91: =COUNTIFS(Placements!$F:$F,$C91,Placements!$I:$I,"Yes") -> 1 | G91: /how-to-train-deltoids-and-biceps-with-dumbbells/ | H91: =IF(COUNTA($C$2:$C$91)>=Summary!$C$6,Summary!$C$5,Summary!$C$4) -> 0.9

Sheet Placements
A1: # | B1: Article URL | C1: Section (heading on the page) | D1: Position | E1: Current image file | F1: Exercise (GIF) | G1: Action | H1: Notes | I1: Needs a purchased GIF? | J1: Buy # | K1: Image check | L1: What the check found
A2: 1 | B2: https://exercisemenu.com/exercises-with-a-medicine-ball-for-beginners/ | C2: 1. Medicine Ball Slam | D2: Image 1 on page | E2: Cinematic_frontangle_shot_welllit_indoor_g.gif | F2: Medicine Ball Slam | G2: Already a GIF (reuse) | H2: Already a video GIF (7-8 MB). Convert to MP4 instead of buying. | I2: No | J2: =IF($I2="Yes",IFERROR(INDEX('Buy List'!$A$2:$A$91,MATCH($F2,'Buy List'!$C$2:$C$91,0)),"-"),"-") -> - | K2: OK | L2: Already an animated GIF from video (128 frames). Form is good. 8 MB: convert to MP4.
A3: 2 | B3: https://exercisemenu.com/exercises-with-a-medicine-ball-for-beginners/ | C3: 2. Medicine Ball Overhead Press | D3: Image 2 on page | E3: Medicine-Ball-Overhead-Press.gif | F3: Medicine Ball Overhead Press | G3: Already a GIF (reuse) | H3: Already a video GIF (7-8 MB). Convert to MP4 instead of buying. | I3: No | J3: =IF($I3="Yes",IFERROR(INDEX('Buy List'!$A$2:$A$91,MATCH($F3,'Buy List'!$C$2:$C$91,0)),"-"),"-") -> - | K3: OK | L3: Already an animated GIF from video (128 frames). Form is good. 7 MB: convert to MP4.
A4: 3 | B4: https://exercisemenu.com/exercises-with-a-medicine-ball-for-beginners/ | C4: 3. Medicine Ball Push-Up | D4: Image 3 on page | E4: medicine-ball-pushup-two-panel-683x1024.webp | F4: Medicine Ball Push-Up (hands on ball) | G4: Replace image with GIF | I4: Yes | J4: =IF($I4="Yes",IFERROR(INDEX('Buy List'!$A$2:$A$91,MATCH($F4,'Buy List'!$C$2:$C$91,0)),"-"),"-") -> 12 | K4: OK | L4: Two-photo sequence, form fine.
A5: 4 | B5: https://exercisemenu.com/exercises-with-a-medicine-ball-for-beginners/ | C5: 4. Chest Pass Against a Wall | D5: Image 4 on page | E5: medicine-ball-wall-throw-two-panel-683x1024.webp | F5: Medicine Ball Chest Pass (wall) | G5: Replace image with GIF | I5: Yes | J5: =IF($I5="Yes",IFERROR(INDEX('Buy List'!$A$2:$A$91,MATCH($F5,'Buy List'!$C$2:$C$91,0)),"-"),"-") -> 16 | K5: OK | L5: Two-photo sequence, form fine (steps into the throw).
A6: 5 | B6: https://exercisemenu.com/exercises-with-a-medicine-ball-for-beginners/ | C6: 5. Russian twist | D6: Image 5 on page | E6: Medicine-ball-Russian-twist-exercise.gif | F6: Medicine Ball Russian Twist | G6: Already a GIF (reuse) | H6: Already a video GIF (7-8 MB). Convert to MP4 instead of buying. | I6: No | J6: =IF($I6="Yes",IFERROR(INDEX('Buy List'!$A$2:$A$91,MATCH($F6,'Buy List'!$C$2:$C$91,0)),"-"),"-") -> - | K6: Minor issue | L6: Already an animated GIF from video (128 frames, 7.6 MB). Torso barely turns; the arms do most of the twist. Convert to MP4.
A7: 6 | B7: https://exercisemenu.com/exercises-with-a-medicine-ball-for-beginners/ | C7: 6. Wood chop | D7: Image 6 on page | E7: medicine-ball-woodchop-correct-form-683x1024.webp | F7: Medicine Ball Wood Chop | G7: Replace image with GIF | I7: Yes | J7: =IF($I7="Yes",IFERROR(INDEX('Buy List'!$A$2:$A$91,MATCH($F7,'Buy List'!$C$2:$C$91,0)),"-"),"-") -> 17 | K7: OK | L7: Low-to-high chop path is correct.
A8: 7 | B8: https://exercisemenu.com/exercises-with-a-medicine-ball-for-beginners/ | C8: 7. Plank ball pass | D8: Image 7 on page | E8: medicine-ball-plank-roll-two-panel-683x1024.webp | F8: Medicine Ball Plank Pass | G8: Replace image with GIF | I8: Yes | J8: =IF($I8="Yes",IFERROR(INDEX('Buy List'!$A$2:$A$91,MATCH($F8,'Buy List'!$C$2:$C$91,0)),"-"),"-") -> 19 | K8: OK | L8: Hips level, form fine.
A9: 8 | B9: https://exercisemenu.com/exercises-with-a-medicine-ball-for-beginners/ | C9: 8. V-Up With Medicine Ball | D9: Image 8 on page | E9: medicine-ball-vup-two-panel-683x1024.webp | F9: Medicine Ball V-Up | G9: Replace image with GIF | I9: Yes | J9: =IF($I9="Yes",IFERROR(INDEX('Buy List'!$A$2:$A$91,MATCH($F9,'Buy List'!$C$2:$C$91,0)),"-"),"-") -> 13 | K9: OK | L9: Form fine.
A10: 9 | B10: https://exercisemenu.com/exercises-with-a-medicine-ball-for-beginners/ | C10: 9. Squat and press | D10: Image 9 on page | E10: squat-to-overhead-press-medicine-ball-683x1024.webp | F10: Medicine Ball Squat to Overhead Press | G10: Replace image with GIF | I10: Yes | J10: =IF($I10="Yes",IFERROR(INDEX('Buy List'!$A$2:$A$91,MATCH($F10,'Buy List'!$C$2:$C$91,0)),"-"),"-") -> 21 | K10: OK | L10: Form fine.
A11: 10 | B11: https://exercisemenu.com/exercises-with-a-medicine-ball-for-beginners/ | C11: 10. Forward lunge with twist | D11: Image 10 on page | E11: lunge-rotation-medicine-ball-two-panel-683x1024.webp | F11: Medicine Ball Forward Lunge with Twist | G11: Replace image with GIF | I11: Yes | J11: =IF($I11="Yes",IFERROR(INDEX('Buy List'!$A$2:$A$91,MATCH($F11,'Buy List'!$C$2:$C$91,0)),"-"),"-") -> 2 | K11: Minor issue | L11: Back knee rests on the floor (static kneel, not a lunge) and the ball moves with the arms more than the torso.
A12: 11 | B12: https://exercisemenu.com/exercises-with-a-medicine-ball-for-beginners/ | C12: 11. Medicine ball Romanian deadlift | D12: Image 11 on page | E12: Medicine-ball-Romanian-deadlift-683x1024.webp | F12: Medicine Ball Romanian Deadlift | G12: Replace image with GIF | I12: Yes | J12: =IF($I12="Yes",IFERROR(INDEX('Buy List'!$A$2:$A$91,MATCH($F12,'Buy List'!$C$2:$C$91,0)),"-"),"-") -> 20 | K12: Minor issue | L12: Knees almost locked; reads as a stiff-leg deadlift more than an RDL.
A13: 12 | B13: https://exercisemenu.com/exercises-with-a-medicine-ball-for-beginners/ | C13: 12. Glute bridge with ball squeeze | D13: Image 12 on page | E13: medicine-ball-glute-bridge-two-panel-683x1024.webp | F13: Medicine Ball Glute Bridge | G13: Replace image with GIF | H13: Ball squeezed between knees | I13: Yes | J13: =IF($I13="Yes",IFERROR(INDEX('Buy List'!$A$2:$A$91,MATCH($F13,'Buy List'!$C$2:$C$91,0)),"-"),"-") -> 3 | K13: WRONG | L13: Ball sits on top of the knees, but the heading and alt text say it is squeezed between the knees.
A14: 13 | B14: https://exercisemenu.com/medicine-ball-ab-exercises/ | C14: 1. Medicine Ball Sit-Up | D14: Image 1 on page | E14: Medicine-Ball-Sit-Up-1024x555.webp | F14: Medicine Ball Sit-Up | G14: Add GIF beside image | H14: Keep the branded infographic (cues, sets, do/don't) and add the GIF above it | I14: Yes | J14: =IF($I14="Yes",IFERROR(INDEX('Buy List'!$A$2:$A$91,MATCH($F14,'Buy List'!$C$2:$C$91,0)),"-"),"-") -> 25 | K14: OK | L14: Branded infographic with cues, sets and reps.
A15: 14 | B15: https://exercisemenu.com/medicine-ball-ab-exercises/ | C15: 2. Medicine Ball V-Up | D15: Image 2 on page | E15: medicine-ball-ab-v-up-1024x683.webp | F15: Medicine Ball V-Up | G15: Add GIF beside image | H15: Keep the branded infographic (cues, sets, do/don't) and add the GIF above it | I15: Yes | J15: =IF($I15="Yes",IFERROR(INDEX('Buy List'!$A$2:$A$91,MATCH($F15,'Buy List'!$C$2:$C$91,0)),"-"),"-") -> 13 | K15: OK | L15: Branded infographic, form fine.
A16: 15 | B16: https://exercisemenu.com/medicine-ball-ab-exercises/ | C16: 3. Table Top Crunch with Medicine Ball | D16: Image 3 on page | E16: medicine-ball-ab-table-top-crunch-1024x683.jpeg | F16: Medicine Ball Table Top Crunch | G16: Add GIF beside image | H16: Keep the branded infographic (cues, sets, do/don't) and add the GIF above it | I16: Yes | J16: =IF($I16="Yes",IFERROR(INDEX('Buy List'!$A$2:$A$91,MATCH($F16,'Buy List'!$C$2:$C$91,0)),"-"),"-") -> 26 | K16: Minor issue | L16: Alt text says the ball rests on the shins; image shows it held in the hands.
A17: 16 | B17: https://exercisemenu.com/medicine-ball-ab-exercises/ | C17: 4. Medicine Ball Leg Raise | D17: Image 4 on page | E17: medicine-ball-ab-leg-raise-1024x683.jpeg | F17: Medicine Ball Leg Raise | G17: Add GIF beside image | H17: Keep the branded infographic (cues, sets, do/don't) and add the GIF above it | I17: Yes | J17: =IF($I17="Yes",IFERROR(INDEX('Buy List'!$A$2:$A$91,MATCH($F17,'Buy List'!$C$2:$C$91,0)),"-"),"-") -> 5 | K17: OK | L17: Branded infographic, form fine.
A18: 17 | B18: https://exercisemenu.com/medicine-ball-ab-exercises/ | C18: 5. Medicine Ball Reverse Crunch | D18: Image 5 on page | E18: Medicine-Ball-Reverse-Crunch-1024x683.jpeg | F18: Medicine Ball Reverse Crunch | G18: Add GIF beside image | H18: Keep the branded infographic (cues, sets, do/don't) and add the GIF above it | I18: Yes | J18: =IF($I18="Yes",IFERROR(INDEX('Buy List'!$A$2:$A$91,MATCH($F18,'Buy List'!$C$2:$C$91,0)),"-"),"-") -> 18 | K18: Minor issue | L18: Image also contains a 'Medicine Ball Side Bend' panel, which is not one of the article's exercises.
A19: 18 | B19: https://exercisemenu.com/medicine-ball-ab-exercises/ | C19: 6. Medicine Ball Russian Twist | D19: Image 6 on page | E19: medicine-ball-ab-russian-twist-1024x683.webp | F19: Medicine Ball Russian Twist | G19: Add GIF beside image | H19: Keep the branded infographic (cues, sets, do/don't) and add the GIF above it | I19: Yes | J19: =IF($I19="Yes",IFERROR(INDEX('Buy List'!$A$2:$A$91,MATCH($F19,'Buy List'!$C$2:$C$91,0)),"-"),"-") -> 24 | K19: OK | L19: Branded infographic, form fine.
A20: 19 | B20: https://exercisemenu.com/medicine-ball-ab-exercises/ | C20: 7. Medicine Ball Wood Chop (Standing) | D20: Image 7 on page | E20: Medicine-Ball-Wood-Chop-1024x683.webp | F20: Medicine Ball Wood Chop | G20: Add GIF beside image | H20: Keep the branded infographic (cues, sets, do/don't) and add the GIF above it | I20: Yes | J20: =IF($I20="Yes",IFERROR(INDEX('Buy List'!$A$2:$A$91,MATCH($F20,'Buy List'!$C$2:$C$91,0)),"-"),"-") -> 17 | K20: Minor issue | L20: Different model and style from the rest of the article; chop path fine.
A21: 20 | B21: https://exercisemenu.com/medicine-ball-ab-exercises/ | C21: 8. Medicine Ball Plank | D21: Image 8 on page | E21: Medicine-Ball-Plank-1024x683.jpeg | F21: Medicine Ball Plank (hands on ball) | G21: Add GIF beside image | H21: Keep the branded infographic (cues, sets, do/don't) and add the GIF above it | I21: Yes | J21: =IF($I21="Yes",IFERROR(INDEX('Buy List'!$A$2:$A$91,MATCH($F21,'Buy List'!$C$2:$C$91,0)),"-"),"-") -> 22 | K21: OK | L21: Three identical panels; fine for a hold.
A22: 21 | B22: https://exercisemenu.com/medicine-ball-ab-exercises/ | C22: 9. Dead Bug with Medicine Ball Overhead | D22: Image 9 on page | E22: Dead-Bug-with-Medicine-Ball-Overhead-1024x683.jpeg | F22: Medicine Ball Dead Bug | G22: Replace image with GIF | H22: Article version holds the ball overhead | I22: Yes | J22: =IF($I22="Yes",IFERROR(INDEX('Buy List'!$A$2:$A$91,MATCH($F22,'Buy List'!$C$2:$C$91,0)),"-"),"-") -> 4 | K22: WRONG | L22: Text says lower 'your right arm (with the ball)' while the ball is held in both hands; image and instruction contradict each other.
A23: 22 | B23: https://exercisemenu.com/medicine-ball-ab-exercises/ | C23: 10. Standing Rotational Slam | D23: Under this heading | E23: (none) | F23: Medicine Ball Rotational Slam | G23: Add GIF (no image now) | H23: Section has no image yet | I23: Yes | J23: =IF($I23="Yes",IFERROR(INDEX('Buy List'!$A$2:$A$91,MATCH($F23,'Buy List'!$C$2:$C$91,0)),"-"),"-") -> 23 | K23: - | L23: No image to check
A24: 23 | B24: https://exercisemenu.com/medicine-ball-exercises-for-lower-abs/ | C24: 1. Medicine Ball Leg Raises | D24: Image 1 on page | E24: medicine-ball-leg-raises-step-by-step.webp-1024x683.webp | F24: Medicine Ball Leg Raise | G24: Replace image with GIF | I24: Yes | J24: =IF($I24="Yes",IFERROR(INDEX('Buy List'!$A$2:$A$91,MATCH($F24,'Buy List'!$C$2:$C$91,0)),"-"),"-") -> 5 | K24: WRONG | L24: Ball balances on top of the feet instead of being squeezed between them; it would fall in a real rep.
A25: 24 | B25: https://exercisemenu.com/medicine-ball-exercises-for-lower-abs/ | C25: 2. Medicine Ball Reverse Crunch | D25: Image 2 on page | E25: medicine-ball-reverse-crunch-step-by-step.webp-1024x683.webp | F25: Medicine Ball Reverse Crunch | G25: Add GIF beside image | H25: Keep the branded infographic (cues, sets, do/don't) and add the GIF above it | I25: Yes | J25: =IF($I25="Yes",IFERROR(INDEX('Buy List'!$A$2:$A$91,MATCH($F25,'Buy List'!$C$2:$C$91,0)),"-"),"-") -> 18 | K25: OK | L25: Clear, with lower-back insets.
A26: 25 | B26: https://exercisemenu.com/medicine-ball-exercises-for-lower-abs/ | C26: 3. Medicine Ball Flutter Kicks | D26: Image 3 on page | E26: medicine-ball-flutter-kicks-step-by-step.webp-1024x597.webp | F26: Medicine Ball Flutter Kicks | G26: Add GIF beside image | H26: Keep the branded infographic (cues, sets, do/don't) and add the GIF above it | I26: Yes | J26: =IF($I26="Yes",IFERROR(INDEX('Buy List'!$A$2:$A$91,MATCH($F26,'Buy List'!$C$2:$C$91,0)),"-"),"-") -> 54 | K26: OK | L26: Clear and detailed.
A27: 26 | B27: https://exercisemenu.com/medicine-ball-exercises-for-lower-abs/ | C27: 4. Medicine Ball V-Up | D27: Image 4 on page | E27: medicine-ball-v-up-step-by-step.webp-1024x683.webp | F27: Medicine Ball V-Up | G27: Add GIF beside image | H27: Keep the branded infographic (cues, sets, do/don't) and add the GIF above it | I27: Yes | J27: =IF($I27="Yes",IFERROR(INDEX('Buy List'!$A$2:$A$91,MATCH($F27,'Buy List'!$C$2:$C$91,0)),"-"),"-") -> 13 | K27: Minor issue | L27: Step 4 caption is garbled ('Lower both back down slowly').
A28: 27 | B28: https://exercisemenu.com/medicine-ball-exercises-for-lower-abs/ | C28: 5. Medicine Ball Dead Bug | D28: Image 5 on page | E28: how-to-do-medicine-ball-dead-bug.webp-1024x597.webp | F28: Medicine Ball Dead Bug | G28: Add GIF beside image | H28: Keep the branded infographic (cues, sets, do/don't) and add the GIF above it | I28: Yes | J28: =IF($I28="Yes",IFERROR(INDEX('Buy List'!$A$2:$A$91,MATCH($F28,'Buy List'!$C$2:$C$91,0)),"-"),"-") -> 4 | K28: OK | L28: Clear, opposite arm and leg correct.
A29: 28 | B29: https://exercisemenu.com/medicine-ball-exercises-for-lower-abs/ | C29: 6. Medicine Ball Hollow Hold | D29: Image 6 on page | E29: medicine-ball-hollow-hold-step-by-step.webp-1024x597.webp | F29: Medicine Ball Hollow Hold | G29: Add GIF beside image | H29: Keep the branded infographic (cues, sets, do/don't) and add the GIF above it | I29: Yes | J29: =IF($I29="Yes",IFERROR(INDEX('Buy List'!$A$2:$A$91,MATCH($F29,'Buy List'!$C$2:$C$91,0)),"-"),"-") -> 56 | K29: OK | L29: Clear.
A30: 29 | B30: https://exercisemenu.com/medicine-ball-exercises-for-lower-abs/ | C30: 7. Medicine Ball Knee Tuck to Leg Extension | D30: Image 7 on page | E30: medicine-ball-knee-tuck-to-leg-extension-step-by-step.webp-1024x597.webp | F30: Medicine Ball Knee Tuck to Leg Extension | G30: Add GIF beside image | H30: Keep the branded infographic (cues, sets, do/don't) and add the GIF above it | I30: Yes | J30: =IF($I30="Yes",IFERROR(INDEX('Buy List'!$A$2:$A$91,MATCH($F30,'Buy List'!$C$2:$C$91,0)),"-"),"-") -> 57 | K30: OK | L30: Clear.
A31: 30 | B31: https://exercisemenu.com/medicine-ball-exercises-for-lower-abs/ | C31: 8. Medicine Ball Pass (Hands to Feet) | D31: Image 8 on page | E31: medicine-ball-pass-hands-to-feet-step-by-step.webp-1024x597.webp | F31: Medicine Ball Hand-to-Feet Pass | G31: Add GIF beside image | H31: Keep the branded infographic (cues, sets, do/don't) and add the GIF above it | I31: Yes | J31: =IF($I31="Yes",IFERROR(INDEX('Buy List'!$A$2:$A$91,MATCH($F31,'Buy List'!$C$2:$C$91,0)),"-"),"-") -> 55 | K31: OK | L31: Clear.
A32: 31 | B32: https://exercisemenu.com/medicine-ball-exercises-for-lower-abs/ | C32: 9. Medicine Ball Plank with Knee Drive | D32: Image 9 on page | E32: medicine-ball-plank-with-knee-drive-step-by-step.webp-1024x597.webp | F32: Medicine Ball Plank with Knee Drive | G32: Add GIF beside image | H32: Keep the branded infographic (cues, sets, do/don't) and add the GIF above it | I32: Yes | J32: =IF($I32="Yes",IFERROR(INDEX('Buy List'!$A$2:$A$91,MATCH($F32,'Buy List'!$C$2:$C$91,0)),"-"),"-") -> 59 | K32: OK | L32: Clear.
A33: 32 | B33: https://exercisemenu.com/medicine-ball-exercises-for-lower-abs/ | C33: 10. Medicine Ball Overhead Crunch with Hip Raise | D33: Image 10 on page | E33: medicine-ball-overhead-crunch-with-hip-raise-step-by-step.webp-1024x597.webp | F33: Medicine Ball Overhead Crunch with Hip Raise | G33: Add GIF beside image | H33: Keep the branded infographic (cues, sets, do/don't) and add the GIF above it | I33: Yes | J33: =IF($I33="Yes",IFERROR(INDEX('Buy List'!$A$2:$A$91,MATCH($F33,'Buy List'!$C$2:$C$91,0)),"-"),"-") -> 58 | K33: OK | L33: Clear.
A34: 33 | B34: https://exercisemenu.com/10-medicine-ball-exercises-for-legs/ | C34: 1. Medicine Ball Squat | D34: Image 1 on page | E34: medicine-ball-squat-quads-glutes-1024x683.webp | F34: Medicine Ball Squat | G34: Add GIF beside image | H34: Keep the branded infographic (cues, sets, do/don't) and add the GIF above it | I34: Yes | J34: =IF($I34="Yes",IFERROR(INDEX('Buy List'!$A$2:$A$91,MATCH($F34,'Buy List'!$C$2:$C$91,0)),"-"),"-") -> 52 | K34: Minor issue | L34: Stance is shoulder-width in the start panel but very wide in the bottom panel.
A35: 34 | B35: https://exercisemenu.com/10-medicine-ball-exercises-for-legs/ | C35: 2. Medicine Ball Reverse Lunge | D35: Image 2 on page | E35: medicine-ball-reverse-lunge-hamstrings-glutes-female-1024x683.webp | F35: Medicine Ball Reverse Lunge | G35: Add GIF beside image | H35: Keep the branded infographic (cues, sets, do/don't) and add the GIF above it | I35: Yes | J35: =IF($I35="Yes",IFERROR(INDEX('Buy List'!$A$2:$A$91,MATCH($F35,'Buy List'!$C$2:$C$91,0)),"-"),"-") -> 49 | K35: OK | L35: Good: shin vertical, torso upright.
A36: 35 | B36: https://exercisemenu.com/10-medicine-ball-exercises-for-legs/ | C36: 3. Wall Ball | D36: Image 3 on page | E36: wall-ball-quads-glutes-power-1024x640.webp | F36: Wall Ball | G36: Add GIF beside image | H36: Keep the branded infographic (cues, sets, do/don't) and add the GIF above it | I36: Yes | J36: =IF($I36="Yes",IFERROR(INDEX('Buy List'!$A$2:$A$91,MATCH($F36,'Buy List'!$C$2:$C$91,0)),"-"),"-") -> 53 | K36: OK | L36: Good.
... A41: 40 | B41: https://exercisemenu.com/10-medicine-ball-exercises-for-legs/ | C41: 8. Overhead Walking Lunge | D41: Image 8 on page | E41: overhead-walking-lunge-quads-glutes-core-female-1024x683.webp | F41: Medicine Ball Overhead Walking Lunge | G41: Add GIF beside image | H41: Keep the branded infographic (cues, sets, do/don't) and add the GIF above it | I41: Yes | J41: =IF($I41="Yes",IFERROR(INDEX('Buy List'!$A$2:$A$91,MATCH($F41,'Buy List'!$C$2:$C$91,0)),"-"),"-") -> 48 | K41: OK | L41: Good, includes alignment and wrong example.
A42: 41 | B42: https://exercisemenu.com/10-medicine-ball-exercises-for-legs/ | C42: 9. Forward Lunge with Twist | D42: Image 9 on page | E42: forward-lunge-with-twist-quads-glutes-obliques-female-1024x683.webp | F42: Medicine Ball Forward Lunge with Twist | G42: Replace image with GIF | I42: Yes | J42: =IF($I42="Yes",IFERROR(INDEX('Buy List'!$A$2:$A$91,MATCH($F42,'Buy List'!$C$2:$C$91,0)),"-"),"-") -> 2 | K42: WRONG | L42: Panel 3 is labelled 'rotate toward lead leg', but the ball turns away from the front leg.
A43: 42 | B43: https://exercisemenu.com/10-medicine-ball-exercises-for-legs/ | C43: 10. Medicine Ball Hip Thrust | D43: Image 10 on page | E43: medicine-ball-hip-thrust-glutes-hamstrings-female-1024x683.webp | F43: Medicine Ball Hip Thrust | G43: Add GIF beside image | H43: Keep the branded infographic (cues, sets, do/don't) and add the GIF above it | I43: Yes | J43: =IF($I43="Yes",IFERROR(INDEX('Buy List'!$A$2:$A$91,MATCH($F43,'Buy List'!$C$2:$C$91,0)),"-"),"-") -> 46 | K43: OK | L43: Good.
A44: 43 | B44: https://exercisemenu.com/10-medicine-ball-chest-exercises/ | C44: 1. Medicine Ball Incline Push-Up | D44: Image 1 on page | E44: medicine-ball-chest-incline-push-up-1-1024x512.webp | F44: Medicine Ball Incline Push-Up | G44: Add GIF beside image | H44: Keep the branded infographic (cues, sets, do/don't) and add the GIF above it | I44: Yes | J44: =IF($I44="Yes",IFERROR(INDEX('Buy List'!$A$2:$A$91,MATCH($F44,'Buy List'!$C$2:$C$91,0)),"-"),"-") -> 28 | K44: OK | L44: Clear.
A45: 44 | B45: https://exercisemenu.com/10-medicine-ball-chest-exercises/ | C45: 2. Medicine Ball Staggered Push-Up | D45: Image 2 on page | E45: medicine-ball-chest-staggered-push-up-1-1024x512.webp | F45: Medicine Ball Staggered Push-Up | G45: Add GIF beside image | H45: Keep the branded infographic (cues, sets, do/don't) and add the GIF above it | I45: Yes | J45: =IF($I45="Yes",IFERROR(INDEX('Buy List'!$A$2:$A$91,MATCH($F45,'Buy List'!$C$2:$C$91,0)),"-"),"-") -> 33 | K45: OK | L45: Clear.
A46: 45 | B46: https://exercisemenu.com/10-medicine-ball-chest-exercises/ | C46: 3. Medicine Ball Floor Press | D46: Image 3 on page | E46: Medicine-ball-chest-floor-press-1024x683.webp | F46: Medicine Ball Floor Press | G46: Add GIF beside image | H46: Keep the branded infographic (cues, sets, do/don't) and add the GIF above it | I46: Yes | J46: =IF($I46="Yes",IFERROR(INDEX('Buy List'!$A$2:$A$91,MATCH($F46,'Buy List'!$C$2:$C$91,0)),"-"),"-") -> 27 | K46: OK | L46: Clear.
A47: 46 | B47: https://exercisemenu.com/10-medicine-ball-chest-exercises/ | C47: 4. Medicine Ball Push-Up (Both Hands) | D47: Image 4 on page | E47: medicine-ball-chest-lying-toss-1024x683.webp | F47: Medicine Ball Push-Up (hands on ball) | G47: Add GIF beside image | H47: Keep the branded infographic (cues, sets, do/don't) and add the GIF above it | I47: Yes | J47: =IF($I47="Yes",IFERROR(INDEX('Buy List'!$A$2:$A$91,MATCH($F47,'Buy List'!$C$2:$C$91,0)),"-"),"-") -> 12 | K47: OK | L47: Clear.
A48: 47 | B48: https://exercisemenu.com/10-medicine-ball-chest-exercises/ | C48: 5. Medicine Ball Lying Chest Toss | D48: Image 5 on page | E48: medicine-ball-chest-push-up-both-hands-1024x683.webp | F48: Medicine Ball Lying Chest Toss | G48: Add GIF beside image | H48: Keep the branded infographic (cues, sets, do/don't) and add the GIF above it | I48: Yes | J48: =IF($I48="Yes",IFERROR(INDEX('Buy List'!$A$2:$A$91,MATCH($F48,'Buy List'!$C$2:$C$91,0)),"-"),"-") -> 29 | K48: OK | L48: Clear.
A49: 48 | B49: https://exercisemenu.com/10-medicine-ball-chest-exercises/ | C49: 6. Medicine Ball Chest Pass (Wall) | D49: Image 6 on page | E49: Medicine-ball-chest-pass-wall-1024x683.webp | F49: Medicine Ball Chest Pass (wall) | G49: Add GIF beside image | H49: Keep the branded infographic (cues, sets, do/don't) and add the GIF above it | I49: Yes | J49: =IF($I49="Yes",IFERROR(INDEX('Buy List'!$A$2:$A$91,MATCH($F49,'Buy List'!$C$2:$C$91,0)),"-"),"-") -> 16 | K49: OK | L49: Clear.
A50: 49 | B50: https://exercisemenu.com/10-medicine-ball-chest-exercises/ | C50: 7. Medicine Ball Chest Throw (Partner) | D50: Image 7 on page | E50: medicine-ball-chest-throw-partner-1024x683.webp | F50: Medicine Ball Chest Pass (partner) | G50: Keep image | H50: Two people: no single-person GIF fits | I50: No | J50: =IF($I50="Yes",IFERROR(INDEX('Buy List'!$A$2:$A$91,MATCH($F50,'Buy List'!$C$2:$C$91,0)),"-"),"-") -> - | K50: OK | L50: Two-person drill; keep.
A51: 50 | B51: https://exercisemenu.com/10-medicine-ball-chest-exercises/ | C51: 8. Medicine Ball Rolling Push-Up | D51: Image 8 on page | E51: Medicine-ball-chest-rolling-push-up-1-1024x512.webp | F51: Medicine Ball Rolling Push-Up | G51: Add GIF beside image | H51: Keep the branded infographic (cues, sets, do/don't) and add the GIF above it | I51: Yes | J51: =IF($I51="Yes",IFERROR(INDEX('Buy List'!$A$2:$A$91,MATCH($F51,'Buy List'!$C$2:$C$91,0)),"-"),"-") -> 31 | K51: Minor issue | L51: Photo-style; model's cap shows an Adidas logo.
A52: 51 | B52: https://exercisemenu.com/10-medicine-ball-chest-exercises/ | C52: 9. Plyometric Medicine Ball Push-Up | D52: Image 9 on page | E52: medicine-ball-chest-plyometric-push-up-1-1024x512.webp | F52: Medicine Ball Plyometric Push-Up | G52: Add GIF beside image | H52: Keep the branded infographic (cues, sets, do/don't) and add the GIF above it | I52: Yes | J52: =IF($I52="Yes",IFERROR(INDEX('Buy List'!$A$2:$A$91,MATCH($F52,'Buy List'!$C$2:$C$91,0)),"-"),"-") -> 30 | K52: Minor issue | L52: Photo-style; Adidas logo on cap.
A53: 52 | B53: https://exercisemenu.com/10-medicine-ball-chest-exercises/ | C53: 10. Medicine Ball Squat to Chest Press | D53: Image 10 on page | E53: medicine-ball-chest-squat-to-press-1024x683.webp | F53: Medicine Ball Squat to Chest Press | G53: Add GIF beside image | H53: Keep the branded infographic (cues, sets, do/don't) and add the GIF above it | I53: Yes | J53: =IF($I53="Yes",IFERROR(INDEX('Buy List'!$A$2:$A$91,MATCH($F53,'Buy List'!$C$2:$C$91,0)),"-"),"-") -> 32 | K53: Minor issue | L53: Photo-style; Adidas logo on cap.
A54: 53 | B54: https://exercisemenu.com/10-medicine-ball-exercises-for-back/ | C54: 1. Medicine ball superman | D54: Image 1 on page | E54: medicine-ball-superman-exercise-step-by-step.jpg-1024x683.webp | F54: Medicine Ball Superman | G54: Add GIF beside image | H54: Keep the branded infographic (cues, sets, do/don't) and add the GIF above it | I54: Yes | J54: =IF($I54="Yes",IFERROR(INDEX('Buy List'!$A$2:$A$91,MATCH($F54,'Buy List'!$C$2:$C$91,0)),"-"),"-") -> 45 | K54: Minor issue | L54: 'Wrong' and 'Correct' thumbnails look almost the same.
... A69: 68 | B69: https://exercisemenu.com/10-medicine-ball-exercises-for-arms/ | C69: 6. Controlled slam | D69: Image 6 on page | E69: medicine-ball-controlled-slam-step-by-step.webp-1024x683.webp | F69: Medicine Ball Slam | G69: Add GIF beside image | H69: Keep the branded infographic (cues, sets, do/don't) and add the GIF above it | I69: Yes | J69: =IF($I69="Yes",IFERROR(INDEX('Buy List'!$A$2:$A$91,MATCH($F69,'Buy List'!$C$2:$C$91,0)),"-"),"-") -> 11 | K69: OK | L69: Clear.
A70: 69 | B70: https://exercisemenu.com/10-medicine-ball-exercises-for-arms/ | C70: 7. Lying triceps press | D70: Image 7 on page | E70: medicine-ball-lying-triceps-press-step-by-step.webp-1024x683.webp | F70: Medicine Ball Lying Triceps Press | G70: Replace image with GIF | I70: Yes | J70: =IF($I70="Yes",IFERROR(INDEX('Buy List'!$A$2:$A$91,MATCH($F70,'Buy List'!$C$2:$C$91,0)),"-"),"-") -> 6 | K70: WRONG | L70: Shows a chest/floor press (ball pressed up from the chest), not a lying triceps press (elbows bend to lower the ball toward the forehead).
A71: 70 | B71: https://exercisemenu.com/10-medicine-ball-exercises-for-arms/ | C71: 8. Single-arm shoulder press | D71: Image 8 on page | E71: medicine-ball-single-arm-shoulder-press-step-by-step.webp-1024x683.webp | F71: Medicine Ball Single-Arm Shoulder Press | G71: Replace image with GIF | I71: Yes | J71: =IF($I71="Yes",IFERROR(INDEX('Buy List'!$A$2:$A$91,MATCH($F71,'Buy List'!$C$2:$C$91,0)),"-"),"-") -> 7 | K71: WRONG | L71: Panel 4 shows two balls (one overhead, one at the chest).
A72: 71 | B72: https://exercisemenu.com/10-medicine-ball-exercises-for-arms/ | C72: 9. Prone passes | D72: Image 9 on page | E72: medicine-ball-prone-passes-step-by-step.webp-1024x683.webp | F72: Medicine Ball Prone Pass | G72: Add GIF beside image | H72: Keep the branded infographic (cues, sets, do/don't) and add the GIF above it | I72: Yes | J72: =IF($I72="Yes",IFERROR(INDEX('Buy List'!$A$2:$A$91,MATCH($F72,'Buy List'!$C$2:$C$91,0)),"-"),"-") -> 38 | K72: OK | L72: Clear.
A73: 72 | B73: https://exercisemenu.com/10-medicine-ball-exercises-for-arms/ | C73: 10. Arm circles | D73: Image 10 on page | E73: medicine-ball-arm-circles-step-by-step.webp-1024x683.webp | F73: Medicine Ball Arm Circles | G73: Add GIF beside image | H73: Keep the branded infographic (cues, sets, do/don't) and add the GIF above it | I73: Yes | J73: =IF($I73="Yes",IFERROR(INDEX('Buy List'!$A$2:$A$91,MATCH($F73,'Buy List'!$C$2:$C$91,0)),"-"),"-") -> 34 | K73: OK | L73: Clear.
A74: 73 | B74: https://exercisemenu.com/medicine-ball-exercises-for-shoulders/ | C74: Strength and Pressing | D74: Image 1 on page | E74: medicine-ball-shoulder-press-1024x819.webp | F74: Medicine Ball Overhead Press | G74: Add GIF beside image | H74: Keep the branded infographic (cues, sets, do/don't) and add the GIF above it | I74: Yes | J74: =IF($I74="Yes",IFERROR(INDEX('Buy List'!$A$2:$A$91,MATCH($F74,'Buy List'!$C$2:$C$91,0)),"-"),"-") -> 64 | K74: OK | L74: Detailed branded infographic.
A75: 74 | B75: https://exercisemenu.com/medicine-ball-exercises-for-shoulders/ | C75: Strength and Pressing | D75: Image 2 on page | E75: medicine-ball-front-raise-1024x819.webp | F75: Medicine Ball Front Raise | G75: Add GIF beside image | H75: Keep the branded infographic (cues, sets, do/don't) and add the GIF above it | I75: Yes | J75: =IF($I75="Yes",IFERROR(INDEX('Buy List'!$A$2:$A$91,MATCH($F75,'Buy List'!$C$2:$C$91,0)),"-"),"-") -> 61 | K75: OK | L75: Elbows a little more bent than 'nearly straight', otherwise fine.
A76: 75 | B76: https://exercisemenu.com/medicine-ball-exercises-for-shoulders/ | C76: Strength and Pressing | D76: Image 3 on page | E76: medicine-ball-push-up-1024x819.webp | F76: Medicine Ball Push-Up (hands on ball) | G76: Add GIF beside image | H76: Keep the branded infographic (cues, sets, do/don't) and add the GIF above it | I76: Yes | J76: =IF($I76="Yes",IFERROR(INDEX('Buy List'!$A$2:$A$91,MATCH($F76,'Buy List'!$C$2:$C$91,0)),"-"),"-") -> 12 | K76: OK | L76: Detailed branded infographic.
A77: 76 | B77: https://exercisemenu.com/medicine-ball-exercises-for-shoulders/ | C77: Strength and Pressing | D77: Image 4 on page | E77: medicine-ball-upright-row-1024x819.webp | F77: Medicine Ball Upright Row | G77: Add GIF beside image | H77: Keep the branded infographic (cues, sets, do/don't) and add the GIF above it | I77: Yes | J77: =IF($I77="Yes",IFERROR(INDEX('Buy List'!$A$2:$A$91,MATCH($F77,'Buy List'!$C$2:$C$91,0)),"-"),"-") -> 65 | K77: OK | L77: Detailed branded infographic.
A78: 77 | B78: https://exercisemenu.com/medicine-ball-exercises-for-shoulders/ | C78: Stability and Control | D78: Image 5 on page | E78: medicine-ball-halo-1024x944.webp | F78: Medicine Ball Halo | G78: Add GIF beside image | H78: Keep the branded infographic (cues, sets, do/don't) and add the GIF above it | I78: Yes | J78: =IF($I78="Yes",IFERROR(INDEX('Buy List'!$A$2:$A$91,MATCH($F78,'Buy List'!$C$2:$C$91,0)),"-"),"-") -> 15 | K78: OK | L78: Clear six-step sequence.
A79: 78 | B79: https://exercisemenu.com/medicine-ball-exercises-for-shoulders/ | C79: Stability and Control | D79: Image 6 on page | E79: medicine-ball-overhead-carry-1024x819.webp | F79: Medicine Ball Overhead Carry | G79: Add GIF beside image | H79: Keep the branded infographic (cues, sets, do/don't) and add the GIF above it | I79: Yes | J79: =IF($I79="Yes",IFERROR(INDEX('Buy List'!$A$2:$A$91,MATCH($F79,'Buy List'!$C$2:$C$91,0)),"-"),"-") -> 62 | K79: OK | L79: Clear.
A80: 79 | B80: https://exercisemenu.com/medicine-ball-exercises-for-shoulders/ | C80: Stability and Control | D80: Image 7 on page | E80: wall-sit-overhead-hold-medicine-ball-933x1024.webp | F80: Medicine Ball Wall Sit with Overhead Hold | G80: Add GIF beside image | H80: Keep the branded infographic (cues, sets, do/don't) and add the GIF above it | I80: Yes | J80: =IF($I80="Yes",IFERROR(INDEX('Buy List'!$A$2:$A$91,MATCH($F80,'Buy List'!$C$2:$C$91,0)),"-"),"-") -> 66 | K80: OK | L80: Clear.
A81: 80 | B81: https://exercisemenu.com/medicine-ball-exercises-for-shoulders/ | C81: Stability and Control | D81: Image 8 on page | E81: medicine-ball-overhead-march-1024x819.webp | F81: Medicine Ball Overhead March | G81: Add GIF beside image | H81: Keep the branded infographic (cues, sets, do/don't) and add the GIF above it | I81: Yes | J81: =IF($I81="Yes",IFERROR(INDEX('Buy List'!$A$2:$A$91,MATCH($F81,'Buy List'!$C$2:$C$91,0)),"-"),"-") -> 63 | K81: OK | L81: Clear.
A82: 81 | B82: https://exercisemenu.com/medicine-ball-exercises-for-shoulders/ | C82: Stability and Control | D82: Image 9 on page | E82: medicine-ball-figure-8-pass-1024x944.webp | F82: Medicine Ball Figure-8 Around the Legs | G82: Add GIF beside image | H82: Keep the branded infographic (cues, sets, do/don't) and add the GIF above it | I82: Yes | J82: =IF($I82="Yes",IFERROR(INDEX('Buy List'!$A$2:$A$91,MATCH($F82,'Buy List'!$C$2:$C$91,0)),"-"),"-") -> 60 | K82: OK | L82: Clear; figure-8 around the legs.
A83: 82 | B83: https://exercisemenu.com/medicine-ball-exercises-for-shoulders/ | C83: Power and Explosive Movement | D83: Image 10 on page | E83: medicine-ball-overhead-slam-1024x819.webp | F83: Medicine Ball Slam | G83: Add GIF beside image | H83: Keep the branded infographic (cues, sets, do/don't) and add the GIF above it | I83: Yes | J83: =IF($I83="Yes",IFERROR(INDEX('Buy List'!$A$2:$A$91,MATCH($F83,'Buy List'!$C$2:$C$91,0)),"-"),"-") -> 11 | K83: Minor issue | L83: Step 4 says 'catch the ball on the bounce' while the key points say to use a non-bouncing slam ball.
... A106: 105 | B106: https://exercisemenu.com/cable-chest-exercises-10-best-moves/ | C106: Mid Chest — Shoulder Height | D106: Image 4 on page | E106: standing-cable-chest-press-mid-chest-1024x512.webp | F106: Standing Cable Chest Press | G106: Add GIF beside image | H106: Keep the branded infographic (cues, sets, do/don't) and add the GIF above it | I106: Yes | J106: =IF($I106="Yes",IFERROR(INDEX('Buy List'!$A$2:$A$91,MATCH($F106,'Buy List'!$C$2:$C$91,0)),"-"),"-") -> 89 | K106: OK | L106: Photo pair, fine.
A107: 106 | B107: https://exercisemenu.com/cable-chest-exercises-10-best-moves/ | C107: Mid Chest — Shoulder Height | D107: Image 5 on page | E107: cable-crossover-mid-chest-1024x576.webp | F107: Cable Crossover | G107: Replace image with GIF | I107: Yes | J107: =IF($I107="Yes",IFERROR(INDEX('Buy List'!$A$2:$A$91,MATCH($F107,'Buy List'!$C$2:$C$91,0)),"-"),"-") -> 8 | K107: WRONG | L107: Labelled 'mid chest, shoulder height', but cables come from the high pulleys and hands finish low; it shows the same movement as the high-to-low fly (#109).
A108: 107 | B108: https://exercisemenu.com/cable-chest-exercises-10-best-moves/ | C108: Mid Chest — Shoulder Height | D108: Image 6 on page | E108: mid-cable-fly-mid-chest-1024x512.webp | F108: Mid Cable Fly | G108: Add GIF beside image | H108: Keep the branded infographic (cues, sets, do/don't) and add the GIF above it | I108: Yes | J108: =IF($I108="Yes",IFERROR(INDEX('Buy List'!$A$2:$A$91,MATCH($F108,'Buy List'!$C$2:$C$91,0)),"-"),"-") -> 86 | K108: OK | L108: Photo pair, fine.
A109: 108 | B109: https://exercisemenu.com/cable-chest-exercises-10-best-moves/ | C109: Mid Chest — Shoulder Height | D109: Image 7 on page | E109: single-arm-cable-press-mid-chest-1024x512.webp | F109: Single-Arm Cable Press | G109: Add GIF beside image | H109: Keep the branded infographic (cues, sets, do/don't) and add the GIF above it | I109: Yes | J109: =IF($I109="Yes",IFERROR(INDEX('Buy List'!$A$2:$A$91,MATCH($F109,'Buy List'!$C$2:$C$91,0)),"-"),"-") -> 88 | K109: OK | L109: Photo pair, fine.
A110: 109 | B110: https://exercisemenu.com/cable-chest-exercises-10-best-moves/ | C110: Lower Chest — High Pulley | D110: Image 8 on page | E110: high-to-low-cable-fly-lower-chest-1024x512.webp | F110: High-to-Low Cable Fly | G110: Add GIF beside image | H110: Keep the branded infographic (cues, sets, do/don't) and add the GIF above it | I110: Yes | J110: =IF($I110="Yes",IFERROR(INDEX('Buy List'!$A$2:$A$91,MATCH($F110,'Buy List'!$C$2:$C$91,0)),"-"),"-") -> 83 | K110: OK | L110: Photo pair, fine.
A111: 110 | B111: https://exercisemenu.com/cable-chest-exercises-10-best-moves/ | C111: Lower Chest — High Pulley | D111: Image 9 on page | E111: decline-cable-press-lower-chest-1024x512.webp | F111: Decline Cable Press | G111: Add GIF beside image | H111: Keep the branded infographic (cues, sets, do/don't) and add the GIF above it | I111: Yes | J111: =IF($I111="Yes",IFERROR(INDEX('Buy List'!$A$2:$A$91,MATCH($F111,'Buy List'!$C$2:$C$91,0)),"-"),"-") -> 82 | K111: OK | L111: Photo pair, fine.
A112: 111 | B112: https://exercisemenu.com/cable-chest-exercises-10-best-moves/ | C112: Full-Pec Movements | D112: Image 10 on page | E112: cable-pullover-full-pec-1024x512.webp | F112: Cable Pullover | G112: Add GIF beside image | H112: Keep the branded infographic (cues, sets, do/don't) and add the GIF above it | I112: Yes | J112: =IF($I112="Yes",IFERROR(INDEX('Buy List'!$A$2:$A$91,MATCH($F112,'Buy List'!$C$2:$C$91,0)),"-"),"-") -> 81 | K112: OK | L112: Form fine (it is mainly a lat exercise, which the article could mention).
A113: 112 | B113: https://exercisemenu.com/cable-chest-exercises-10-best-moves/ | C113: Full-Pec Movements | D113: Image 11 on page | E113: single-arm-cable-crossover-full-pec-1024x512.webp | F113: Single-Arm Cable Crossover | G113: Add GIF beside image | H113: Keep the branded infographic (cues, sets, do/don't) and add the GIF above it | I113: Yes | J113: =IF($I113="Yes",IFERROR(INDEX('Buy List'!$A$2:$A$91,MATCH($F113,'Buy List'!$C$2:$C$91,0)),"-"),"-") -> 87 | K113: OK | L113: Photo pair, fine.
A114: 113 | B114: https://exercisemenu.com/isometric-exercises/ | C114: Core | D114: Image 1 on page | E114: high-plank-hold-exercise-guide-1024x683.webp | F114: High Plank | G114: Keep image | H114: Static hold: a still image shows it fully; a GIF adds nothing | I114: No | J114: =IF($I114="Yes",IFERROR(INDEX('Buy List'!$A$2:$A$91,MATCH($F114,'Buy List'!$C$2:$C$91,0)),"-"),"-") -> - | K114: Minor issue | L114: Static hold, form fine; model wears sunglasses indoors.
A115: 114 | B115: https://exercisemenu.com/isometric-exercises/ | C115: Core | D115: Image 2 on page | E115: side-plank-hold-exercise-guide-1024x683.webp | F115: Side Plank | G115: Keep image | H115: Static hold: a still image shows it fully; a GIF adds nothing | I115: No | J115: =IF($I115="Yes",IFERROR(INDEX('Buy List'!$A$2:$A$91,MATCH($F115,'Buy List'!$C$2:$C$91,0)),"-"),"-") -> - | K115: Minor issue | L115: Text says forearm on the floor; image shows a straight-arm side plank.
A116: 115 | B116: https://exercisemenu.com/isometric-exercises/ | C116: Core | D116: Image 3 on page | E116: dead-bug-hold-exercise-guide-1024x683.webp | F116: Dead Bug (bodyweight) | G116: Keep image | H116: Static hold: a still image shows it fully; a GIF adds nothing | I116: No | J116: =IF($I116="Yes",IFERROR(INDEX('Buy List'!$A$2:$A$91,MATCH($F116,'Buy List'!$C$2:$C$91,0)),"-"),"-") -> - | K116: OK | L116: Clear.
A117: 116 | B117: https://exercisemenu.com/isometric-exercises/ | C117: Lower Body | D117: Image 4 on page | E117: wall-sit-hold-exercise-guide-1024x683.webp | F117: Wall Sit | G117: Keep image | H117: Static hold: a still image shows it fully; a GIF adds nothing | I117: No | J117: =IF($I117="Yes",IFERROR(INDEX('Buy List'!$A$2:$A$91,MATCH($F117,'Buy List'!$C$2:$C$91,0)),"-"),"-") -> - | K117: OK | L117: Clear.
A118: 117 | B118: https://exercisemenu.com/isometric-exercises/ | C118: Lower Body | D118: Image 5 on page | E118: glute-bridge-hold-exercise-guide-1024x683.webp | F118: Glute Bridge (bodyweight) | G118: Keep image | H118: Static hold: a still image shows it fully; a GIF adds nothing | I118: No | J118: =IF($I118="Yes",IFERROR(INDEX('Buy List'!$A$2:$A$91,MATCH($F118,'Buy List'!$C$2:$C$91,0)),"-"),"-") -> - | K118: OK | L118: Clear.
A119: 118 | B119: https://exercisemenu.com/isometric-exercises/ | C119: Lower Body | D119: Image 6 on page | E119: split-squat-hold-exercise-guide-1024x683.webp | F119: Split Squat | G119: Keep image | H119: Static hold: a still image shows it fully; a GIF adds nothing | I119: No | J119: =IF($I119="Yes",IFERROR(INDEX('Buy List'!$A$2:$A$91,MATCH($F119,'Buy List'!$C$2:$C$91,0)),"-"),"-") -> - | K119: OK | L119: Clear.
... A129: 128 | B129: https://exercisemenu.com/air-squats/ | C129: How to Do an Air Squat? | D129: Image 1 on page | E129: How-to-Do-an-Air-Squat-1024x683.png | F129: Air Squat | G129: Keep image | H129: Good, detailed image already; a GIF is optional | I129: No | J129: =IF($I129="Yes",IFERROR(INDEX('Buy List'!$A$2:$A$91,MATCH($F129,'Buy List'!$C$2:$C$91,0)),"-"),"-") -> - | K129: OK | L129: Excellent 7-frame guide with cues and mistakes.
A130: 129 | B130: https://exercisemenu.com/dumbbell-sumo-squat/ | C130: How to Do a Dumbbell Sumo Squat? | D130: Image 1 on page | E130: How-to-Do-a-Dumbbell-Sumo-Squat-805x1024.webp | F130: Dumbbell Sumo Squat | G130: Replace image with GIF | I130: Yes | J130: =IF($I130="Yes",IFERROR(INDEX('Buy List'!$A$2:$A$91,MATCH($F130,'Buy List'!$C$2:$C$91,0)),"-"),"-") -> 1 | K130: WRONG | L130: Side view makes the sumo stance look like a split (one foot forward, one back); the wide stance is not visible.
A131: 130 | B131: https://exercisemenu.com/dumbbell-romanian-deadlift/ | C131: How to Do the Dumbbell Romanian Deadlift? | D131: Image 1 on page | E131: dumbbell-romanian-deadlift-form.webp | F131: Dumbbell Romanian Deadlift | G131: Keep image | H131: Good, detailed image already; a GIF is optional | I131: No | J131: =IF($I131="Yes",IFERROR(INDEX('Buy List'!$A$2:$A$91,MATCH($F131,'Buy List'!$C$2:$C$91,0)),"-"),"-") -> - | K131: OK | L131: Clear photo sequence.
A132: 131 | B132: https://exercisemenu.com/how-to-deadlift-for-beginners/ | C132: How to Deadlift: Step-by-Step | D132: Image 2 on page | E132: How-to-Deadlift-Step-by-Step-1024x683.webp | F132: Barbell Deadlift | G132: Keep image | H132: Good, detailed image already; a GIF is optional | I132: No | J132: =IF($I132="Yes",IFERROR(INDEX('Buy List'!$A$2:$A$91,MATCH($F132,'Buy List'!$C$2:$C$91,0)),"-"),"-") -> - | K132: OK | L132: Excellent, detailed three-phase guide.
A133: 132 | B133: https://exercisemenu.com/how-to-trap-bar-deadlift/ | C133: How to Do the Trap Bar Deadlift | D133: Image 1 on page | E133: How-to-Do-the-Trap-Bar-Deadlift-1024x512.webp | F133: Trap Bar Deadlift | G133: Keep image | H133: Good, detailed image already; a GIF is optional | I133: No | J133: =IF($I133="Yes",IFERROR(INDEX('Buy List'!$A$2:$A$91,MATCH($F133,'Buy List'!$C$2:$C$91,0)),"-"),"-") -> - | K133: Minor issue | L133: Form fine; the trap bar is drawn without its hexagonal frame.
A134: 133 | B134: https://exercisemenu.com/front-squat-vs-back-squat/ | C134: Front Squat Key Cues | D134: Image 1 on page | E134: front-squat.gif | F134: Front Squat | G134: Already a GIF (reuse) | H134: Already a 7-frame animated GIF with good form | I134: No | J134: =IF($I134="Yes",IFERROR(INDEX('Buy List'!$A$2:$A$91,MATCH($F134,'Buy List'!$C$2:$C$91,0)),"-"),"-") -> - | K134: OK | L134: Already an animated GIF (7 frames); good form.
A135: 134 | B135: https://exercisemenu.com/front-squat-vs-back-squat/ | C135: Back Squat Key Cues | D135: Image 2 on page | E135: back-squat.gif | F135: Back Squat | G135: Already a GIF (reuse) | H135: Already a 7-frame animated GIF with good form | I135: No | J135: =IF($I135="Yes",IFERROR(INDEX('Buy List'!$A$2:$A$91,MATCH($F135,'Buy List'!$C$2:$C$91,0)),"-"),"-") -> - | K135: OK | L135: Already an animated GIF (7 frames).
A136: 135 | B136: https://exercisemenu.com/high-bar-vs-low-bar-squat/ | C136: High Bar Key Cues | D136: Image 1 on page | E136: high_bar_back_squat_side_view.gif | F136: High-Bar Back Squat | G136: Already a GIF (reuse) | H136: Already a 6-frame animated GIF | I136: No | J136: =IF($I136="Yes",IFERROR(INDEX('Buy List'!$A$2:$A$91,MATCH($F136,'Buy List'!$C$2:$C$91,0)),"-"),"-") -> - | K136: OK | L136: Already an animated GIF (6 frames).
A137: 136 | B137: https://exercisemenu.com/high-bar-vs-low-bar-squat/ | C137: Low Bar Key Cues | D137: Image 2 on page | E137: low_bar_back_squat_side_view.gif | F137: Low-Bar Back Squat | G137: Already a GIF (reuse) | H137: Already a 6-frame animated GIF | I137: No | J137: =IF($I137="Yes",IFERROR(INDEX('Buy List'!$A$2:$A$91,MATCH($F137,'Buy List'!$C$2:$C$91,0)),"-"),"-") -> - | K137: OK | L137: Already an animated GIF (6 frames).
A138: 137 | B138: https://exercisemenu.com/sumo-vs-conventional-deadlift/ | C138: What Is the Difference Between Sumo and Conventional Deadlift? | D138: Image 1 on page | E138: sumo-vs-conventional-deadlift-setup-comparison-1024x683.webp | F138: Sumo Deadlift | G138: Add GIF beside image | H138: Keep the side-by-side setup comparison. Also fix or replace the comparison image | I138: Yes | J138: =IF($I138="Yes",IFERROR(INDEX('Buy List'!$A$2:$A$91,MATCH($F138,'Buy List'!$C$2:$C$91,0)),"-"),"-") -> 10 | K138: WRONG | L138: Conventional side: the bar sits far in front of the shins instead of over mid-foot.
A139: 138 | B139: https://exercisemenu.com/sumo-vs-conventional-deadlift/ | C139: What Is the Difference Between Sumo and Conventional Deadlift? | D139: Under this heading | E139: (none) | F139: Barbell Deadlift | G139: Add GIF beside image | H139: Conventional side of the comparison | I139: Yes | J139: =IF($I139="Yes",IFERROR(INDEX('Buy List'!$A$2:$A$91,MATCH($F139,'Buy List'!$C$2:$C$91,0)),"-"),"-") -> 67 | K139: - | L139: No image to check
A140: 139 | B140: https://exercisemenu.com/types-of-squats/ | C140: Air Squat | D140: Under this heading | E140: (none) | F140: Air Squat | G140: Add GIF (no image now) | I140: Yes | J140: =IF($I140="Yes",IFERROR(INDEX('Buy List'!$A$2:$A$91,MATCH($F140,'Buy List'!$C$2:$C$91,0)),"-"),"-") -> 68 | K140: - | L140: No image to check
A141: 140 | B141: https://exercisemenu.com/types-of-squats/ | C141: Sumo Squat (Bodyweight) | D141: Under this heading | E141: (none) | F141: Sumo Squat (bodyweight) | G141: Add GIF (no image now) | I141: Yes | J141: =IF($I141="Yes",IFERROR(INDEX('Buy List'!$A$2:$A$91,MATCH($F141,'Buy List'!$C$2:$C$91,0)),"-"),"-") -> 79 | K141: - | L141: No image to check
A142: 141 | B142: https://exercisemenu.com/types-of-squats/ | C142: Cossack Squat | D142: Under this heading | E142: (none) | F142: Cossack Squat | G142: Add GIF (no image now) | I142: Yes | J142: =IF($I142="Yes",IFERROR(INDEX('Buy List'!$A$2:$A$91,MATCH($F142,'Buy List'!$C$2:$C$91,0)),"-"),"-") -> 72 | K142: - | L142: No image to check
A143: 142 | B143: https://exercisemenu.com/types-of-squats/ | C143: Jump Squat | D143: Under this heading | E143: (none) | F143: Jump Squat | G143: Add GIF (no image now) | I143: Yes | J143: =IF($I143="Yes",IFERROR(INDEX('Buy List'!$A$2:$A$91,MATCH($F143,'Buy List'!$C$2:$C$91,0)),"-"),"-") -> 75 | K143: - | L143: No image to check
A144: 143 | B144: https://exercisemenu.com/types-of-squats/ | C144: Pistol Squat | D144: Under this heading | E144: (none) | F144: Pistol Squat | G144: Add GIF (no image now) | I144: Yes | J144: =IF($I144="Yes",IFERROR(INDEX('Buy List'!$A$2:$A$91,MATCH($F144,'Buy List'!$C$2:$C$91,0)),"-"),"-") -> 77 | K144: - | L144: No image to check
A145: 144 | B145: https://exercisemenu.com/types-of-squats/ | C145: Goblet Squat | D145: Under this heading | E145: (none) | F145: Goblet Squat | G145: Add GIF (no image now) | I145: Yes | J145: =IF($I145="Yes",IFERROR(INDEX('Buy List'!$A$2:$A$91,MATCH($F145,'Buy List'!$C$2:$C$91,0)),"-"),"-") -> 73 | K145: - | L145: No image to check
A146: 145 | B146: https://exercisemenu.com/types-of-squats/ | C146: Dumbbell Sumo Squat | D146: Under this heading | E146: (none) | F146: Dumbbell Sumo Squat | G146: Add GIF (no image now) | I146: Yes | J146: =IF($I146="Yes",IFERROR(INDEX('Buy List'!$A$2:$A$91,MATCH($F146,'Buy List'!$C$2:$C$91,0)),"-"),"-") -> 1 | K146: - | L146: No image to check
A147: 146 | B147: https://exercisemenu.com/types-of-squats/ | C147: Bulgarian Split Squat | D147: Under this heading | E147: (none) | F147: Bulgarian Split Squat | G147: Add GIF (no image now) | I147: Yes | J147: =IF($I147="Yes",IFERROR(INDEX('Buy List'!$A$2:$A$91,MATCH($F147,'Buy List'!$C$2:$C$91,0)),"-"),"-") -> 71 | K147: - | L147: No image to check
A148: 147 | B148: https://exercisemenu.com/types-of-squats/ | C148: Back Squat | D148: Under this heading | E148: (none) | F148: Back Squat | G148: Already a GIF (reuse) | H148: Reuse the GIF already on /front-squat-vs-back-squat/ | I148: No | J148: =IF($I148="Yes",IFERROR(INDEX('Buy List'!$A$2:$A$91,MATCH($F148,'Buy List'!$C$2:$C$91,0)),"-"),"-") -> - | K148: - | L148: No image to check
A149: 148 | B149: https://exercisemenu.com/types-of-squats/ | C149: Front Squat | D149: Under this heading | E149: (none) | F149: Front Squat | G149: Already a GIF (reuse) | H149: Reuse the GIF already on /front-squat-vs-back-squat/ | I149: No | J149: =IF($I149="Yes",IFERROR(INDEX('Buy List'!$A$2:$A$91,MATCH($F149,'Buy List'!$C$2:$C$91,0)),"-"),"-") -> - | K149: - | L149: No image to check
...

Sheet Plan Pages (links)
A1: Workout plan page | B1: Exercises named in its tables | C1: What to do
A2: https://exercisemenu.com/7-day-at-home-workout-plan-to-build-muscle/ | B2: Dumbbell Bench Press, Incline Dumbbell Press, Dumbbell Shoulder Press, Lateral Raise, Triceps Extension, Single-Arm Dumbbell Row, Band Pulldown, Band Face Pull, Dumbbell Curl, Hammer Curl, Goblet Squat, Dumbbell Romanian Deadlift, Walking Lunge, Standing Calf Raise, Bulgarian Split Squat, Hip Thrust, Plank | C2: No image to replace. Link each exercise name to its exercise page once that page is live.
A3: https://exercisemenu.com/3-week-beginner-fat-loss-workout-plan-for-women/ | B3: Dumbbell or Band Chest Press, Single-Arm Row, Dumbbell Shoulder Press, Biceps Curl, Triceps Kickback, Goblet Squat, Glute Bridge, Reverse Lunge, Standing Calf Raise, Squat to Press, Bent-Over Row, Plank, Bicycle Crunch | C3: No image to replace. Link each exercise name to its exercise page once that page is live.
A4: https://exercisemenu.com/push-pull-legs-split/ | B4: Barbell Bench Press, Incline Dumbbell Press, Overhead Press, Lateral Raise, Triceps Pushdown, Barbell Row, Lat Pulldown, Seated Cable Row, Face Pull, EZ-Bar Curl, Back Squat, Romanian Deadlift, Leg Press, Hip Thrust, Standing Calf Raise | C4: No image to replace. Link each exercise name to its exercise page once that page is live.
A5: https://exercisemenu.com/bowling-workout-routine/ | B5: Arm Circles, Walking Lunges, Front Plank, Side Plank, Pallof Press, Dead Bug, Rotational Medicine Ball Slam, Goblet Squat, Split Squat, Single-Leg Romanian Deadlift, Lateral Band Walk, Calf Raises, Band Pull-Apart, Face Pull, Dumbbell Row, External Rotation, Wrist Curls, Reverse Wrist Curls, Farmer's Walk | C5: No image to replace. Link each exercise name to its exercise page once that page is live.
A6: https://exercisemenu.com/how-many-reps-and-sets-for-muscle-growth/ | B6: Barbell Bench Press, Barbell Row, Overhead Press, Weighted Pull-Up, Incline Dumbbell Curl, Overhead Triceps Extension, Lateral Raise, Barbell Squat, Romanian Deadlift, Leg Press, Seated Leg Curl, Leg Extension, Standing Calf Raise | C6: No image to replace. Link each exercise name to its exercise page once that page is live.
A7: https://exercisemenu.com/how-many-reps-and-sets-for-muscular-endurance/ | B7: Push-Up, Bodyweight Squat, Walking Lunge, Plank, Leg Raise, Calf Raise, Dumbbell Chest Press, Dumbbell Row, Dumbbell Overhead Press, Cable Face Pull, Wall Sit, Isometric Lunge Hold, Dead Hang | C7: No image to replace. Link each exercise name to its exercise page once that page is live.
A8: https://exercisemenu.com/reps-and-sets-for-couples/ | B8: Goblet Squat, Dumbbell Bench Press, Dumbbell Row, Romanian Deadlift, Plank | C8: No image to replace. Link each exercise name to its exercise page once that page is live.
A9: https://exercisemenu.com/how-to-structure-a-30-minute-workout/ | B9: Bodyweight or Goblet Squat, Push-Up Variation, Single-Leg or Band Hip Hinge | C9: No image to replace. Link each exercise name to its exercise page once that page is live.
